CREATE DATABASE  IF NOT EXISTS `domino1_db` /*!40100 DEFAULT CHARACTER SET utf8 */ /*!80016 DEFAULT ENCRYPTION='N' */;
USE `domino1_db`;
-- MySQL dump 10.13  Distrib 8.0.26, for Win64 (x86_64)
--
-- Host: localhost    Database: domino1_db
-- ------------------------------------------------------
-- Server version	8.0.26

/*!40101 SET @OLD_CHARACTER_SET_CLIENT=@@CHARACTER_SET_CLIENT */;
/*!40101 SET @OLD_CHARACTER_SET_RESULTS=@@CHARACTER_SET_RESULTS */;
/*!40101 SET @OLD_COLLATION_CONNECTION=@@COLLATION_CONNECTION */;
/*!50503 SET NAMES utf8 */;
/*!40103 SET @OLD_TIME_ZONE=@@TIME_ZONE */;
/*!40103 SET TIME_ZONE='+00:00' */;
/*!40014 SET @OLD_UNIQUE_CHECKS=@@UNIQUE_CHECKS, UNIQUE_CHECKS=0 */;
/*!40014 SET @OLD_FOREIGN_KEY_CHECKS=@@FOREIGN_KEY_CHECKS, FOREIGN_KEY_CHECKS=0 */;
/*!40101 SET @OLD_SQL_MODE=@@SQL_MODE, SQL_MODE='NO_AUTO_VALUE_ON_ZERO' */;
/*!40111 SET @OLD_SQL_NOTES=@@SQL_NOTES, SQL_NOTES=0 */;

--
-- Table structure for table `carritos`
--

DROP TABLE IF EXISTS `carritos`;
/*!40101 SET @saved_cs_client     = @@character_set_client */;
/*!50503 SET character_set_client = utf8mb4 */;
CREATE TABLE `carritos` (
  `id` int unsigned NOT NULL AUTO_INCREMENT,
  `usuarioId` int unsigned NOT NULL,
  `productoId` int unsigned NOT NULL,
  `orderId` int unsigned NOT NULL,
  `createdAt` date NOT NULL,
  `updatedAt` date NOT NULL,
  `quantity` int unsigned NOT NULL,
  PRIMARY KEY (`id`),
  KEY `fk_Carritos_Usuarios_idx` (`usuarioId`),
  KEY `fk_Carritos_Productos_idx` (`productoId`),
  KEY `fk_Carritos_Orden_idx` (`orderId`),
  CONSTRAINT `fk_Carritos_Orden` FOREIGN KEY (`orderId`) REFERENCES `orders` (`id`),
  CONSTRAINT `fk_Carritos_Productos` FOREIGN KEY (`productoId`) REFERENCES `productos` (`id`),
  CONSTRAINT `fk_Carritos_Usuarios` FOREIGN KEY (`usuarioId`) REFERENCES `usuarios` (`id`)
) ENGINE=InnoDB AUTO_INCREMENT=8 DEFAULT CHARSET=utf8mb3;
/*!40101 SET character_set_client = @saved_cs_client */;

--
-- Dumping data for table `carritos`
--

LOCK TABLES `carritos` WRITE;
/*!40000 ALTER TABLE `carritos` DISABLE KEYS */;
INSERT INTO `carritos` VALUES (1,3,3,1,'2021-11-08','2021-11-08',5);
/*!40000 ALTER TABLE `carritos` ENABLE KEYS */;
UNLOCK TABLES;

--
-- Table structure for table `categorias`
--

DROP TABLE IF EXISTS `categorias`;
/*!40101 SET @saved_cs_client     = @@character_set_client */;
/*!50503 SET character_set_client = utf8mb4 */;
CREATE TABLE `categorias` (
  `id` int unsigned NOT NULL AUTO_INCREMENT,
  `nombre` varchar(45) NOT NULL,
  PRIMARY KEY (`id`)
) ENGINE=InnoDB AUTO_INCREMENT=14 DEFAULT CHARSET=utf8mb3;
/*!40101 SET character_set_client = @saved_cs_client */;

--
-- Dumping data for table `categorias`
--

LOCK TABLES `categorias` WRITE;
/*!40000 ALTER TABLE `categorias` DISABLE KEYS */;
INSERT INTO `categorias` VALUES (1,'Remeras'),(2,'Camperas'),(3,'Pantalones'),(4,'Camisetas'),(5,'Zapatillas'),(6,'Borcegos'),(7,'Gorras'),(8,'Bolsos'),(9,'Riñoneras'),(10,'Mochilas'),(11,'Conjuntos'),(12,'Sweaters'),(13,'Buzos');
/*!40000 ALTER TABLE `categorias` ENABLE KEYS */;
UNLOCK TABLES;

--
-- Table structure for table `colores`
--

DROP TABLE IF EXISTS `colores`;
/*!40101 SET @saved_cs_client     = @@character_set_client */;
/*!50503 SET character_set_client = utf8mb4 */;
CREATE TABLE `colores` (
  `id` int unsigned NOT NULL AUTO_INCREMENT,
  `nombre` varchar(45) NOT NULL,
  PRIMARY KEY (`id`)
) ENGINE=InnoDB AUTO_INCREMENT=44 DEFAULT CHARSET=utf8mb3;
/*!40101 SET character_set_client = @saved_cs_client */;

--
-- Dumping data for table `colores`
--

LOCK TABLES `colores` WRITE;
/*!40000 ALTER TABLE `colores` DISABLE KEYS */;
INSERT INTO `colores` VALUES (1,'Blanco'),(2,'Negro'),(3,'Gris'),(4,'Azul'),(5,'Verde'),(6,'Verde Oliva'),(7,'Violeta'),(8,'Bordo'),(9,'Naranja'),(10,'Mostaza'),(11,'Rosa'),(12,'Azul Agua'),(13,'Marron'),(14,'Salmon'),(15,'Verde Militar'),(16,'Rojo');
/*!40000 ALTER TABLE `colores` ENABLE KEYS */;
UNLOCK TABLES;

--
-- Table structure for table `colores_producto`
--

DROP TABLE IF EXISTS `colores_producto`;
/*!40101 SET @saved_cs_client     = @@character_set_client */;
/*!50503 SET character_set_client = utf8mb4 */;
CREATE TABLE `colores_producto` (
  `id` int unsigned NOT NULL AUTO_INCREMENT,
  `productoId` int unsigned NOT NULL,
  `colorId` int unsigned NOT NULL,
  PRIMARY KEY (`id`),
  KEY `fk_Colores_Producto2_idx` (`colorId`),
  KEY `fk_Talles_Producto2_idx` (`productoId`),
  KEY `fk_Colores_Producto2_idx1` (`productoId`),
  CONSTRAINT `fk_Colores_Producto1` FOREIGN KEY (`colorId`) REFERENCES `colores` (`id`),
  CONSTRAINT `fk_Colores_Producto2` FOREIGN KEY (`productoId`) REFERENCES `productos` (`id`)
) ENGINE=InnoDB AUTO_INCREMENT=82 DEFAULT CHARSET=utf8mb3;
/*!40101 SET character_set_client = @saved_cs_client */;

--
-- Dumping data for table `colores_producto`
--

LOCK TABLES `colores_producto` WRITE;
/*!40000 ALTER TABLE `colores_producto` DISABLE KEYS */;
INSERT INTO `colores_producto` VALUES (1,1,2),(2,1,3),(3,1,14),(4,2,2),(5,2,3),(6,2,1),(7,3,1),(8,3,2),(9,3,9),(10,4,2),(11,4,3),(12,4,4),(13,5,1),(14,5,2),(15,5,3),(16,6,2),(17,6,1),(18,6,7),(19,7,2),(20,7,1),(21,7,5),(22,8,2),(23,8,3),(24,8,4),(25,9,1),(26,9,2),(27,9,8),(28,10,1),(29,10,2),(30,10,5),(31,11,2),(32,11,1),(33,11,7),(34,12,1),(35,12,3),(36,12,2),(37,13,2),(38,13,1),(39,13,7),(40,14,2),(41,14,4),(42,14,3),(43,15,2),(44,15,4),(45,15,3),(46,16,2),(47,16,3),(48,16,4),(49,17,2),(50,17,11),(51,17,3),(52,18,13),(53,18,12),(54,18,10),(55,19,6),(56,19,3),(57,19,15),(58,20,2),(59,20,3),(60,20,7),(61,21,2),(62,21,1),(63,21,3),(64,22,11),(65,22,3),(66,22,10),(67,23,1),(68,23,3),(69,23,2),(70,24,8),(71,24,3),(72,24,2),(73,25,1),(74,25,2),(75,25,16),(76,26,2),(77,26,1),(78,26,3),(79,27,6),(80,27,1),(81,27,11);
/*!40000 ALTER TABLE `colores_producto` ENABLE KEYS */;
UNLOCK TABLES;

--
-- Table structure for table `generos`
--

DROP TABLE IF EXISTS `generos`;
/*!40101 SET @saved_cs_client     = @@character_set_client */;
/*!50503 SET character_set_client = utf8mb4 */;
CREATE TABLE `generos` (
  `id` int unsigned NOT NULL AUTO_INCREMENT,
  `genero` varchar(45) NOT NULL,
  PRIMARY KEY (`id`)
) ENGINE=InnoDB AUTO_INCREMENT=4 DEFAULT CHARSET=utf8mb3;
/*!40101 SET character_set_client = @saved_cs_client */;

--
-- Dumping data for table `generos`
--

LOCK TABLES `generos` WRITE;
/*!40000 ALTER TABLE `generos` DISABLE KEYS */;
INSERT INTO `generos` VALUES (1,'Hombre'),(2,'Mujer'),(3,'Unisex');
/*!40000 ALTER TABLE `generos` ENABLE KEYS */;
UNLOCK TABLES;

--
-- Table structure for table `imagenes`
--

DROP TABLE IF EXISTS `imagenes`;
/*!40101 SET @saved_cs_client     = @@character_set_client */;
/*!50503 SET character_set_client = utf8mb4 */;
CREATE TABLE `imagenes` (
  `id` int unsigned NOT NULL AUTO_INCREMENT,
  `nombre` varchar(100) NOT NULL,
  `productoId` int unsigned NOT NULL,
  PRIMARY KEY (`id`),
  KEY `fk_Images_Products1_idx` (`productoId`),
  CONSTRAINT `fk_Imagenes_Productos` FOREIGN KEY (`productoId`) REFERENCES `productos` (`id`)
) ENGINE=InnoDB AUTO_INCREMENT=956 DEFAULT CHARSET=utf8mb3;
/*!40101 SET character_set_client = @saved_cs_client */;

--
-- Dumping data for table `imagenes`
--

LOCK TABLES `imagenes` WRITE;
/*!40000 ALTER TABLE `imagenes` DISABLE KEYS */;
INSERT INTO `imagenes` VALUES (1,'remera-switch-1.jpg',1),(2,'remera-switch-2.jpg',1),(3,'remera-switch-3.jpg',1),(4,'remera-switch-4.jpg',1),(5,'campera-row-1.jpg',2),(6,'campera-row-2.jpg',2),(7,'campera-row-3.jpg',2),(8,'campera-row-4.jpg',2),(9,'camiseta-size-1.jpg',3),(10,'camiseta-size-2.jpg',3),(11,'camiseta-size-3.jpg',3),(12,'camiseta-size-4.jpg',3),(13,'mochila-adidas-1.png',4),(14,'mochila-adidas-2.jpg',4),(15,'mochila-adidas-3.jpg',4),(16,'mochila-adidas-4.jpg',4),(17,'zapa-air-zoom-4.png',5),(18,'zapa-air-zoom-1.png',5),(19,'zapa-air-zoom-2.png',5),(20,'zapa-air-zoom-3.png',5),(21,'bolso-res-1.png',6),(22,'bolso-res-2.png',6),(23,'bolso-res-3.png',6),(24,'bolso-res-4.png',6),(25,'riñonera-piet3-1.png',7),(26,'riñonera-piet3-2.png',7),(27,'riñonera-piet3-3.png',7),(28,'riñonera-piet3-4.png',7),(29,'bolso-active-1.png',8),(30,'bolso-active-2.png',8),(31,'bolso-active-3.png',8),(32,'bolso-active-4.png',8),(33,'zapa-cliff-2.png',9),(34,'zapa-cliff-1.png',9),(35,'zapa-cliff-3.png',9),(36,'zapa-cliff-4.png',9),(37,'mochila-one-1.png',10),(38,'mochila-one-2.png',10),(39,'mochila-one-3.png',10),(40,'mochila-one-4.png',10),(45,'zapa-runfalcon-2.png',12),(46,'zapa-runfalcon-1.png',12),(47,'zapa-runfalcon-3.png',12),(48,'zapa-runfalcon-4.png',12),(49,'riñonera-piet2-1.png',13),(50,'riñonera-piet2-2.png',13),(51,'riñonera-piet2-3.png',13),(52,'riñonera-piet2-4.png',13),(53,'gorra-piet2-1.png',14),(54,'gorra-piet2-2.png',14),(55,'gorra-piet2-3.png',14),(56,'gorra-piet2-4.png',14),(57,'riñonera-piet-1.png',15),(58,'riñonera-piet-2.png',15),(59,'riñonera-piet-3.png',15),(60,'riñonera-piet-4.png',15),(225,'image-1636058695611.png',126),(226,'image-1636058695754.png',126),(227,'image-1636058695885.png',126),(228,'image-1636058695972.png',126),(229,'image-1636058964070.png',127),(230,'image-1636058965049.png',127),(231,'image-1636058965122.png',127),(232,'image-1636058965219.png',127),(233,'image-1636059494121.png',128),(234,'image-1636059494171.png',128),(235,'image-1636059494221.png',128),(236,'image-1636059494332.png',128),(237,'image-1636059617681.png',129),(238,'image-1636059617824.png',129),(239,'image-1636059617921.png',129),(240,'image-1636059618024.png',129),(241,'image-1636059870323.png',130),(242,'image-1636059870468.png',130),(243,'image-1636059870604.png',130),(244,'image-1636059870701.png',130),(245,'image-1636060010018.png',131),(246,'image-1636060010060.png',131),(247,'image-1636060010141.png',131),(248,'image-1636060010230.png',131),(249,'image-1636060120263.png',132),(250,'image-1636060120324.png',132),(251,'image-1636060120402.png',132),(252,'image-1636060120484.png',132),(257,'image-1636060454376.png',134),(258,'image-1636060454395.png',134),(259,'image-1636060454491.png',134),(260,'image-1636060454574.png',134),(261,'image-1636060548405.png',135),(262,'image-1636060548460.png',135),(263,'image-1636060548514.png',135),(264,'image-1636060548576.png',135),(265,'image-1636060645706.png',136),(266,'image-1636060645733.png',136),(267,'image-1636060645791.png',136),(268,'image-1636060645856.png',136),(269,'image-1636060752514.png',137),(270,'image-1636060752633.png',137),(271,'image-1636060752745.png',137),(272,'image-1636060752877.png',137),(273,'image-1636060849730.png',138),(274,'image-1636060849800.png',138),(275,'image-1636060849849.png',138),(276,'image-1636060849931.png',138),(277,'image-1636060917012.png',139),(278,'image-1636060917210.png',139),(279,'image-1636060917354.png',139),(280,'image-1636060917551.png',139),(285,'image-1636061063516.png',141),(286,'image-1636061063602.png',141),(287,'image-1636061063688.png',141),(288,'image-1636061063812.png',141),(289,'image-1636061157754.png',142),(290,'image-1636061157842.png',142),(291,'image-1636061157888.png',142),(292,'image-1636061157963.png',142),(293,'image-1636061247607.png',143),(294,'image-1636061247685.png',143),(295,'image-1636061247755.png',143),(296,'image-1636061247864.png',143),(297,'image-1636061827733.png',144),(298,'image-1636061827845.png',144),(299,'image-1636061827911.png',144),(300,'image-1636061827943.png',144),(301,'image-1636062360923.png',145),(302,'image-1636062361010.png',145),(303,'image-1636062361187.png',145),(304,'image-1636062361215.png',145),(305,'image-1636063247239.png',146),(306,'image-1636063247393.png',146),(307,'image-1636063247536.png',146),(308,'image-1636063247635.png',146),(309,'image-1636063346479.png',147),(310,'image-1636063346520.png',147),(311,'image-1636063346579.png',147),(312,'image-1636063346747.png',147),(313,'image-1636063455792.png',148),(314,'image-1636063455913.png',148),(315,'image-1636063455988.png',148),(316,'image-1636063456146.png',148),(317,'image-1636063538779.png',149),(318,'image-1636063538898.png',149),(319,'image-1636063538969.png',149),(320,'image-1636063539046.png',149),(321,'image-1636063624502.png',150),(322,'image-1636063624600.png',150),(323,'image-1636063624650.png',150),(324,'image-1636063624702.png',150),(325,'image-1636064213552.png',151),(326,'image-1636064213607.png',151),(327,'image-1636064213711.png',151),(328,'image-1636064213803.png',151),(329,'image-1636064439018.png',152),(330,'image-1636064439040.png',152),(331,'image-1636064439066.png',152),(332,'image-1636064439118.png',152),(333,'image-1636064862274.png',153),(334,'image-1636064862317.png',153),(335,'image-1636064862384.png',153),(336,'image-1636064862436.png',153),(337,'image-1636064966352.png',154),(338,'image-1636064966379.png',154),(339,'image-1636064966456.png',154),(340,'image-1636064966535.png',154),(341,'image-1636065076613.png',155),(342,'image-1636065076670.png',155),(343,'image-1636065076747.png',155),(344,'image-1636065076800.png',155),(345,'image-1636065229083.png',156),(346,'image-1636065229144.png',156),(347,'image-1636065229230.png',156),(348,'image-1636065229313.png',156),(349,'image-1636065600910.png',157),(350,'image-1636065600939.png',157),(351,'image-1636065600999.png',157),(352,'image-1636065601048.png',157),(353,'image-1636065725929.png',158),(354,'image-1636065726092.png',158),(355,'image-1636065726151.png',158),(356,'image-1636065726199.png',158),(357,'image-1636065907326.png',159),(358,'image-1636065907392.png',159),(359,'image-1636065907445.png',159),(360,'image-1636065907504.png',159),(361,'image-1636065993518.png',160),(362,'image-1636065993541.png',160),(363,'image-1636065993619.png',160),(364,'image-1636065993677.png',160),(365,'image-1636066069180.png',161),(366,'image-1636066069204.png',161),(367,'image-1636066069249.png',161),(368,'image-1636066069297.png',161),(369,'image-1636066147205.png',162),(370,'image-1636066147229.png',162),(371,'image-1636066147297.png',162),(372,'image-1636066147324.png',162),(373,'image-1636076877609.png',163),(374,'image-1636076877876.png',163),(375,'image-1636076877957.png',163),(376,'image-1636076878010.png',163),(377,'image-1636076941645.png',164),(378,'image-1636076941741.png',164),(379,'image-1636076941916.png',164),(380,'image-1636076942028.png',164),(381,'image-1636076999751.png',165),(382,'image-1636076999852.png',165),(383,'image-1636076999937.png',165),(384,'image-1636076999997.png',165),(385,'image-1636077069471.png',166),(386,'image-1636077069608.png',166),(387,'image-1636077069702.png',166),(388,'image-1636077069776.png',166),(389,'image-1636077130910.png',167),(390,'image-1636077131150.png',167),(391,'image-1636077131351.png',167),(392,'image-1636077131455.png',167),(393,'image-1636077314227.png',168),(394,'image-1636077314353.png',168),(395,'image-1636077314432.png',168),(396,'image-1636077314580.png',168),(397,'image-1636077368137.png',169),(398,'image-1636077368206.png',169),(399,'image-1636077368314.png',169),(400,'image-1636077368379.png',169),(401,'image-1636077418844.png',170),(402,'image-1636077418910.png',170),(403,'image-1636077418983.png',170),(404,'image-1636077419052.png',170),(405,'image-1636077492475.png',171),(406,'image-1636077492554.png',171),(407,'image-1636077492646.png',171),(408,'image-1636077492733.png',171),(409,'image-1636077547931.png',172),(410,'image-1636077547998.png',172),(411,'image-1636077548069.png',172),(412,'image-1636077548146.png',172),(413,'image-1636077610321.png',173),(414,'image-1636077613514.png',173),(415,'image-1636077615863.png',173),(416,'image-1636077617307.png',173),(417,'image-1636077670537.png',174),(418,'image-1636077670682.png',174),(419,'image-1636077670822.png',174),(420,'image-1636077670946.png',174),(433,'image-1636078773319.png',178),(434,'image-1636078773425.png',178),(435,'image-1636078773487.png',178),(436,'image-1636078773564.png',178),(437,'image-1636078845632.png',179),(438,'image-1636078845704.png',179),(439,'image-1636078845838.png',179),(440,'image-1636078845895.png',179),(441,'image-1636078906052.png',180),(442,'image-1636078906172.png',180),(443,'image-1636078906289.png',180),(444,'image-1636078906348.png',180),(445,'image-1636079266906.png',181),(446,'image-1636079266974.png',181),(447,'image-1636079267097.png',181),(448,'image-1636079267210.png',181),(449,'image-1636079335862.png',182),(450,'image-1636079336052.png',182),(451,'image-1636079336165.png',182),(452,'image-1636079336225.png',182),(453,'image-1636079403272.png',183),(454,'image-1636079403380.png',183),(455,'image-1636079403493.png',183),(456,'image-1636079403567.png',183),(457,'image-1636079472248.png',184),(458,'image-1636079472302.png',184),(459,'image-1636079472379.png',184),(460,'image-1636079472403.png',184),(461,'image-1636079555965.png',185),(462,'image-1636079556912.png',185),(463,'image-1636079557604.png',185),(464,'image-1636079557684.png',185),(465,'image-1636085350318.png',186),(466,'image-1636085352038.png',186),(467,'image-1636085353476.png',186),(468,'image-1636085354389.png',186),(469,'image-1636085428501.png',187),(470,'image-1636085428779.png',187),(471,'image-1636085428961.png',187),(472,'image-1636085429325.png',187),(473,'image-1636085511763.jpg',188),(474,'image-1636085511824.png',188),(475,'image-1636085513247.png',188),(476,'image-1636085513462.png',188),(477,'image-1636085644601.jpg',189),(478,'image-1636085644630.png',189),(479,'image-1636085645107.png',189),(480,'image-1636085645157.png',189),(481,'image-1636085714684.jpg',190),(482,'image-1636085714717.png',190),(483,'image-1636085714793.png',190),(484,'image-1636085714824.png',190),(485,'image-1636085775475.jpg',191),(486,'image-1636085775565.png',191),(487,'image-1636085775636.png',191),(488,'image-1636085775701.png',191),(489,'image-1636085875235.jpg',192),(490,'image-1636085875385.png',192),(491,'image-1636085875461.png',192),(492,'image-1636085875533.png',192),(493,'image-1636085964130.jpg',193),(494,'image-1636085964190.png',193),(495,'image-1636085964277.png',193),(496,'image-1636085964307.png',193),(498,'image-1636163071187.png',195),(499,'image-1636163071653.png',195),(500,'image-1636163071856.png',195),(501,'image-1636163074272.png',195),(502,'image-1636163133546.jpg',196),(503,'image-1636163135592.jpg',196),(504,'image-1636163136930.jpg',196),(505,'image-1636163137144.jpg',196),(506,'image-1636163186936.jpg',197),(507,'image-1636163186953.jpg',197),(508,'image-1636163186978.jpg',197),(509,'image-1636163187029.jpg',197),(510,'image-1636163247705.png',198),(511,'image-1636163247784.png',198),(512,'image-1636163247896.png',198),(513,'image-1636163247997.png',198),(514,'image-1636163311550.png',199),(515,'image-1636163311683.png',199),(516,'image-1636163311787.png',199),(517,'image-1636163311900.png',199),(518,'image-1636163367540.png',200),(519,'image-1636163367695.png',200),(520,'image-1636163367774.png',200),(521,'image-1636163367859.png',200),(522,'image-1636163433541.png',201),(523,'image-1636163433624.png',201),(524,'image-1636163433730.png',201),(525,'image-1636163433822.png',201),(526,'image-1636163483229.png',202),(527,'image-1636163483338.png',202),(528,'image-1636163483429.png',202),(529,'image-1636163483515.png',202),(530,'image-1636164950607.png',203),(531,'image-1636164950824.png',203),(532,'image-1636164950920.png',203),(533,'image-1636164951045.png',203),(534,'image-1636165036233.png',204),(535,'image-1636165036289.png',204),(536,'image-1636165036404.png',204),(537,'image-1636165036595.png',204),(538,'image-1636165325326.png',207),(539,'image-1636165325371.png',207),(540,'image-1636165325428.png',207),(541,'image-1636165325450.png',207),(542,'image-1636165412407.png',208),(543,'image-1636165412563.png',208),(544,'image-1636165412678.png',208),(545,'image-1636165412877.png',208),(550,'image-1636165603404.png',210),(551,'image-1636165603445.png',210),(552,'image-1636165603527.png',210),(553,'image-1636165603606.png',210),(554,'image-1636165702159.png',211),(555,'image-1636165702295.png',211),(556,'image-1636165702397.png',211),(557,'image-1636165702485.png',211),(558,'image-1636165813594.png',212),(559,'image-1636165813799.png',212),(560,'image-1636165813923.png',212),(561,'image-1636165814007.png',212),(562,'image-1636165923765.png',213),(563,'image-1636165923884.png',213),(564,'image-1636165923974.png',213),(565,'image-1636165924129.png',213),(566,'image-1636166015247.png',214),(567,'image-1636166015428.png',214),(568,'image-1636166015566.png',214),(569,'image-1636166015700.png',214),(570,'image-1636166123723.png',215),(571,'image-1636166123806.png',215),(572,'image-1636166123876.png',215),(573,'image-1636166123934.png',215),(582,'image-1636166968303.png',218),(583,'image-1636166968329.png',218),(584,'image-1636166968350.png',218),(585,'image-1636166968392.png',218),(586,'image-1636167080185.png',219),(587,'image-1636167080216.png',219),(588,'image-1636167080270.png',219),(589,'image-1636167080317.png',219),(590,'image-1636167214759.png',220),(591,'image-1636167214806.png',220),(592,'image-1636167214892.png',220),(593,'image-1636167214956.png',220),(594,'image-1636167334449.png',221),(595,'image-1636167334497.png',221),(596,'image-1636167334535.png',221),(597,'image-1636167334642.png',221),(598,'image-1636167423292.png',222),(599,'image-1636167423326.png',222),(600,'image-1636167423378.png',222),(601,'image-1636167423487.png',222),(602,'image-1636167511551.png',223),(603,'image-1636167511617.png',223),(604,'image-1636167511656.png',223),(605,'image-1636167511672.png',223),(608,'image-1636231833766.png',226),(610,'image-1636267336879.jpg',228),(611,'image-1636267336901.jpg',228),(612,'image-1636267336907.jpg',228),(613,'image-1636267336923.jpg',228),(614,'image-1636267827417.jpg',229),(615,'image-1636267827425.jpg',229),(616,'image-1636267827517.jpg',229),(617,'image-1636267827547.jpg',229),(618,'image-1636267949668.jpg',230),(619,'image-1636267949783.jpg',230),(620,'image-1636267949839.jpg',230),(621,'image-1636267949842.jpg',230),(622,'image-1636268076481.jpg',231),(623,'image-1636268076528.jpg',231),(624,'image-1636268076593.jpg',231),(625,'image-1636268076596.jpg',231),(626,'image-1636299296876.jpg',232),(627,'image-1636299296896.jpg',232),(628,'image-1636299296898.jpg',232),(629,'image-1636299296903.jpg',232),(634,'image-1636299760009.jpg',234),(635,'image-1636299760011.jpg',234),(636,'image-1636299760016.jpg',234),(637,'image-1636299760057.jpg',234),(638,'image-1636299908917.jpg',235),(639,'image-1636299908920.jpg',235),(640,'image-1636299908931.jpg',235),(641,'image-1636299908935.jpg',235),(642,'image-1636300083551.jpg',236),(643,'image-1636300083556.jpg',236),(644,'image-1636300083743.jpg',236),(645,'image-1636300083795.jpg',236),(646,'image-1636300175185.jpg',237),(647,'image-1636300175224.jpg',237),(648,'image-1636300175253.jpg',237),(649,'image-1636300175302.jpg',237),(650,'image-1636300260919.jpg',238),(651,'image-1636300260924.jpg',238),(652,'image-1636300260927.jpg',238),(653,'image-1636300260945.jpg',238),(654,'image-1636301817817.jpg',239),(655,'image-1636301818102.jpg',239),(656,'image-1636301818488.jpg',239),(657,'image-1636301818587.jpg',239),(658,'image-1636302110694.jpg',240),(659,'image-1636302110705.jpg',240),(660,'image-1636302110710.jpg',240),(661,'image-1636302110919.jpg',240),(662,'image-1636302181073.jpg',241),(663,'image-1636302181082.jpg',241),(664,'image-1636302181134.jpg',241),(665,'image-1636302181148.jpg',241),(666,'image-1636302463905.jpg',242),(667,'image-1636302463961.jpg',242),(668,'image-1636302463992.jpg',242),(669,'image-1636302463996.jpg',242),(670,'image-1636302587574.jpg',243),(671,'image-1636302587577.jpg',243),(672,'image-1636302587580.jpg',243),(673,'image-1636302587652.jpg',243),(674,'image-1636302681390.jpg',244),(675,'image-1636302681427.jpg',244),(676,'image-1636302681471.jpg',244),(677,'image-1636302681608.jpg',244),(678,'image-1636302874219.jpg',245),(679,'image-1636302874237.jpg',245),(680,'image-1636302874251.jpg',245),(681,'image-1636302874316.jpg',245),(682,'image-1636302969464.jpg',246),(683,'image-1636302969466.jpg',246),(684,'image-1636302969471.jpg',246),(685,'image-1636302969474.jpg',246),(686,'image-1636303058688.jpg',247),(687,'image-1636303058715.jpg',247),(688,'image-1636303058732.jpg',247),(689,'image-1636303058748.jpg',247),(690,'image-1636303145202.jpg',248),(691,'image-1636303145293.jpg',248),(692,'image-1636303145376.jpg',248),(693,'image-1636303145402.jpg',248),(694,'image-1636303252277.jpg',249),(695,'image-1636303252319.jpg',249),(696,'image-1636303252351.jpg',249),(697,'image-1636303252363.jpg',249),(698,'image-1636303367738.jpg',250),(699,'image-1636303367749.jpg',250),(700,'image-1636303367776.jpg',250),(701,'image-1636303367785.jpg',250),(702,'image-1636303424322.jpg',251),(703,'image-1636303424344.jpg',251),(704,'image-1636303424357.jpg',251),(705,'image-1636303424444.jpg',251),(722,'image-1636305583296.jpg',256),(723,'image-1636305583331.jpg',256),(724,'image-1636305583338.jpg',256),(725,'image-1636305583379.jpg',256),(726,'image-1636305671180.jpg',257),(727,'image-1636305671264.jpg',257),(728,'image-1636305671282.jpg',257),(729,'image-1636305671300.jpg',257),(730,'image-1636305753560.jpg',258),(731,'image-1636305753585.jpg',258),(732,'image-1636305753597.jpg',258),(733,'image-1636305753603.jpg',258),(738,'image-1636305906112.jpg',260),(739,'image-1636305906117.jpg',260),(740,'image-1636305906155.jpg',260),(741,'image-1636305906177.jpg',260),(742,'image-1636306040109.jpg',261),(743,'image-1636306040141.jpg',261),(744,'image-1636306040171.jpg',261),(745,'image-1636306040175.jpg',261),(746,'image-1636306145001.jpg',262),(747,'image-1636306145017.jpg',262),(748,'image-1636306145042.jpg',262),(749,'image-1636306145059.jpg',262),(750,'image-1636306325858.jpg',263),(751,'image-1636306325861.jpg',263),(752,'image-1636306325887.jpg',263),(753,'image-1636306325890.jpg',263),(754,'image-1636306392745.jpg',264),(755,'image-1636306392788.jpg',264),(756,'image-1636306392791.jpg',264),(757,'image-1636306392889.jpg',264),(758,'image-1636306453983.jpg',265),(759,'image-1636306454031.jpg',265),(760,'image-1636306454041.jpg',265),(761,'image-1636306454066.jpg',265),(762,'image-1636306716999.jpg',266),(763,'image-1636306717036.jpg',266),(764,'image-1636306717054.jpg',266),(765,'image-1636306717081.jpg',266),(766,'image-1636306856634.jpg',267),(767,'image-1636306856638.jpg',267),(768,'image-1636306856640.jpg',267),(769,'image-1636306856643.jpg',267),(770,'image-1636307057751.jpg',268),(771,'image-1636307057784.jpg',268),(772,'image-1636307057812.jpg',268),(773,'image-1636307057845.jpg',268),(774,'image-1636307448666.jpg',269),(775,'image-1636307448728.jpg',269),(776,'image-1636307448746.jpg',269),(777,'image-1636307448762.jpg',269),(778,'image-1636307539604.jpg',270),(779,'image-1636307539656.jpg',270),(780,'image-1636307539742.jpg',270),(781,'image-1636307539791.jpg',270),(782,'image-1636307604111.jpg',271),(783,'image-1636307604257.jpg',271),(784,'image-1636307604302.jpg',271),(785,'image-1636307604312.jpg',271),(786,'image-1636308239038.jpg',272),(787,'image-1636308239075.jpg',272),(788,'image-1636308239079.jpg',272),(789,'image-1636308239083.jpg',272),(790,'image-1636308314541.jpg',273),(791,'image-1636308314545.jpg',273),(792,'image-1636308314550.jpg',273),(793,'image-1636308314629.jpg',273),(794,'image-1636308388110.jpg',274),(795,'image-1636308388163.jpg',274),(796,'image-1636308388206.jpg',274),(797,'image-1636308388214.jpg',274),(798,'image-1636308555401.jpg',275),(799,'image-1636308555405.jpg',275),(800,'image-1636308555413.jpg',275),(801,'image-1636308555417.jpg',275),(802,'image-1636308638530.jpg',276),(803,'image-1636308638659.jpg',276),(804,'image-1636308638753.jpg',276),(805,'image-1636308638764.jpg',276),(806,'image-1636308718810.jpg',277),(807,'image-1636308718841.jpg',277),(808,'image-1636308718860.jpg',277),(809,'image-1636308718864.jpg',277),(810,'image-1636308796331.jpg',278),(811,'image-1636308796364.jpg',278),(812,'image-1636308796388.jpg',278),(813,'image-1636308796392.jpg',278),(814,'image-1636308888449.jpg',279),(815,'image-1636308888601.jpg',279),(816,'image-1636308888626.jpg',279),(817,'image-1636308888630.jpg',279),(818,'image-1636308983551.jpg',280),(819,'image-1636308983609.jpg',280),(820,'image-1636308983663.jpg',280),(821,'image-1636308983685.jpg',280),(822,'image-1636309041010.jpg',281),(823,'image-1636309041052.jpg',281),(824,'image-1636309041067.jpg',281),(825,'image-1636309041079.jpg',281),(826,'image-1636309105078.jpg',282),(827,'image-1636309105143.jpg',282),(828,'image-1636309105163.jpg',282),(829,'image-1636309105171.jpg',282),(830,'image-1636309105677.jpg',283),(831,'image-1636309105679.jpg',283),(832,'image-1636309105682.jpg',283),(833,'image-1636309105685.jpg',283),(834,'image-1636309252022.jpg',284),(835,'image-1636309252027.jpg',284),(836,'image-1636309252032.jpg',284),(837,'image-1636309252034.jpg',284),(838,'image-1636309448414.jpg',285),(839,'image-1636309448418.jpg',285),(840,'image-1636309448467.jpg',285),(841,'image-1636309448481.jpg',285),(842,'image-1636309526748.jpg',286),(843,'image-1636309526808.jpg',286),(844,'image-1636309526864.jpg',286),(845,'image-1636309526897.jpg',286),(846,'image-1636309601473.jpg',287),(847,'image-1636309601496.jpg',287),(848,'image-1636309601527.jpg',287),(849,'image-1636309601543.jpg',287),(850,'image-1636309677108.jpg',288),(851,'image-1636309677173.jpg',288),(852,'image-1636309677243.jpg',288),(853,'image-1636309677263.jpg',288),(854,'image-1636309741064.jpg',289),(855,'image-1636309741101.jpg',289),(856,'image-1636309741107.jpg',289),(857,'image-1636309741118.jpg',289),(858,'image-1636309786170.jpg',290),(859,'image-1636309786250.jpg',290),(860,'image-1636309786289.jpg',290),(861,'image-1636309786311.jpg',290),(862,'image-1636309837701.jpg',291),(863,'image-1636309837776.jpg',291),(864,'image-1636309837803.jpg',291),(865,'image-1636309837827.jpg',291),(866,'image-1636309993220.jpg',292),(867,'image-1636309993238.jpg',292),(868,'image-1636309993246.jpg',292),(869,'image-1636309993259.jpg',292),(870,'image-1636310042877.jpg',293),(871,'image-1636310042944.jpg',293),(872,'image-1636310042973.jpg',293),(873,'image-1636310042994.jpg',293),(874,'image-1636310161316.jpg',294),(875,'image-1636310161448.jpg',294),(876,'image-1636310161525.jpg',294),(877,'image-1636310161606.jpg',294),(878,'image-1636310267448.jpg',295),(879,'image-1636310267495.jpg',295),(880,'image-1636310267509.jpg',295),(881,'image-1636310267528.jpg',295),(882,'image-1636310349760.jpg',296),(883,'image-1636310349792.jpg',296),(884,'image-1636310349810.jpg',296),(885,'image-1636310349825.jpg',296),(886,'image-1636310424428.jpg',297),(887,'image-1636310424461.jpg',297),(888,'image-1636310424469.jpg',297),(889,'image-1636310424481.jpg',297),(890,'image-1636310484750.jpg',298),(891,'image-1636310484846.jpg',298),(892,'image-1636310484866.jpg',298),(893,'image-1636310484885.jpg',298),(894,'image-1636310559140.jpg',299),(895,'image-1636310559183.jpg',299),(896,'image-1636310559187.jpg',299),(897,'image-1636310559229.jpg',299),(898,'image-1636310720073.jpg',300),(899,'image-1636310720076.jpg',300),(900,'image-1636310720081.jpg',300),(901,'image-1636310720114.jpg',300),(902,'image-1636310794102.jpg',301),(903,'image-1636310794106.jpg',301),(904,'image-1636310794109.jpg',301),(905,'image-1636310794134.jpg',301),(906,'image-1636310857909.jpg',302),(907,'image-1636310857979.jpg',302),(908,'image-1636310858063.jpg',302),(909,'image-1636310858095.jpg',302),(910,'image-1636310970454.jpg',303),(911,'image-1636310970458.jpg',303),(912,'image-1636310970531.jpg',303),(913,'image-1636310970566.jpg',303),(914,'image-1636311042488.jpg',304),(915,'image-1636311042538.jpg',304),(916,'image-1636311042567.jpg',304),(917,'image-1636311042607.jpg',304),(918,'image-1636311121924.jpg',305),(919,'image-1636311121927.jpg',305),(920,'image-1636311121992.jpg',305),(921,'image-1636311122014.jpg',305),(922,'image-1636311243965.jpg',306),(923,'image-1636311244055.jpg',306),(924,'image-1636311244058.jpg',306),(925,'image-1636311244080.jpg',306),(926,'image-1636311332204.jpg',307),(927,'image-1636311332207.jpg',307),(928,'image-1636311332233.jpg',307),(929,'image-1636311332259.jpg',307),(930,'image-1636311430634.jpg',308),(931,'image-1636311430735.jpg',308),(932,'image-1636311430754.jpg',308),(933,'image-1636311430762.jpg',308),(934,'image-1636311503241.jpg',309),(935,'image-1636311503245.jpg',309),(936,'image-1636311503264.jpg',309),(937,'image-1636311503276.jpg',309),(938,'image-1636311910430.jpg',310),(939,'image-1636311910439.jpg',310),(940,'image-1636311910447.jpg',310),(941,'image-1636311910488.jpg',310),(942,'image-1636311959438.jpg',311),(943,'image-1636311959445.jpg',311),(944,'image-1636311959455.jpg',311),(945,'image-1636311959468.jpg',311),(946,'image-1636312017807.jpg',312),(947,'image-1636312017860.jpg',312),(948,'image-1636312017902.jpg',312),(949,'image-1636312017921.jpg',312);
/*!40000 ALTER TABLE `imagenes` ENABLE KEYS */;
UNLOCK TABLES;

--
-- Table structure for table `orders`
--

DROP TABLE IF EXISTS `orders`;
/*!40101 SET @saved_cs_client     = @@character_set_client */;
/*!50503 SET character_set_client = utf8mb4 */;
CREATE TABLE `orders` (
  `id` int unsigned NOT NULL AUTO_INCREMENT,
  `status` varchar(45) DEFAULT NULL,
  `userId` int unsigned NOT NULL,
  `total` decimal(10,0) DEFAULT NULL,
  `createdAt` datetime NOT NULL DEFAULT CURRENT_TIMESTAMP,
  `updatedAt` datetime NOT NULL DEFAULT CURRENT_TIMESTAMP ON UPDATE CURRENT_TIMESTAMP,
  PRIMARY KEY (`id`),
  KEY `fk_Orders_Users_idx` (`userId`),
  CONSTRAINT `fk_Orders_Users` FOREIGN KEY (`userId`) REFERENCES `usuarios` (`id`)
) ENGINE=InnoDB AUTO_INCREMENT=4 DEFAULT CHARSET=utf8mb3;
/*!40101 SET character_set_client = @saved_cs_client */;

--
-- Dumping data for table `orders`
--

LOCK TABLES `orders` WRITE;
/*!40000 ALTER TABLE `orders` DISABLE KEYS */;
INSERT INTO `orders` VALUES (1,'pending',3,NULL,'2021-11-08 05:39:35','2021-11-08 05:39:35'),(2,'pending',10,NULL,'2021-11-08 16:34:03','2021-11-08 16:34:03'),(3,'pending',12,NULL,'2021-11-08 18:36:05','2021-11-08 18:36:05');
/*!40000 ALTER TABLE `orders` ENABLE KEYS */;
UNLOCK TABLES;

--
-- Table structure for table `productos`
--

DROP TABLE IF EXISTS `productos`;
/*!40101 SET @saved_cs_client     = @@character_set_client */;
/*!50503 SET character_set_client = utf8mb4 */;
CREATE TABLE `productos` (
  `id` int unsigned NOT NULL AUTO_INCREMENT,
  `nombre` varchar(45) NOT NULL,
  `precio` float unsigned NOT NULL,
  `descripcion` varchar(200) NOT NULL,
  `marca` varchar(45) NOT NULL,
  `createdAt` timestamp NULL DEFAULT CURRENT_TIMESTAMP,
  `updatedAt` timestamp NULL DEFAULT CURRENT_TIMESTAMP ON UPDATE CURRENT_TIMESTAMP,
  `descuento` int unsigned NOT NULL,
  `idCategoria` int unsigned NOT NULL,
  `idGeneros` int unsigned NOT NULL,
  PRIMARY KEY (`id`),
  KEY `fk_Productos_Categorias_idx` (`idCategoria`),
  KEY `fk_Productos_Generos_idx` (`idGeneros`),
  CONSTRAINT `fk_Productos_Categorias` FOREIGN KEY (`idCategoria`) REFERENCES `categorias` (`id`),
  CONSTRAINT `fk_Productos_Generos` FOREIGN KEY (`idGeneros`) REFERENCES `generos` (`id`)
) ENGINE=InnoDB AUTO_INCREMENT=318 DEFAULT CHARSET=utf8mb3;
/*!40101 SET character_set_client = @saved_cs_client */;

--
-- Dumping data for table `productos`
--

LOCK TABLES `productos` WRITE;
/*!40000 ALTER TABLE `productos` DISABLE KEYS */;
INSERT INTO `productos` VALUES (1,'Remera Switch',2000,'Esto es una Desc','1','0000-00-00 00:00:00','2021-11-07 06:47:04',0,1,2),(2,'Campera Row',9600,'lorem ipsum dolor amet sit','1','0000-00-00 00:00:00','0000-00-00 00:00:00',0,2,1),(3,'Camiseta Size',1800,'lorem ipsum dolor amet sit','1','0000-00-00 00:00:00','0000-00-00 00:00:00',0,4,1),(4,'Mochila Power',5500,'lorem ipsum dolor amet sit','1','0000-00-00 00:00:00','0000-00-00 00:00:00',0,10,3),(5,'Zapatillas Zoom',14900,'lorem ipsum dolor amet sit','1','0000-00-00 00:00:00','0000-00-00 00:00:00',0,5,1),(6,'Bolso Res',4200,'lorem ipsum dolor amet sit','1','0000-00-00 00:00:00','0000-00-00 00:00:00',0,8,2),(7,'Riñonera Unix',5200,'lorem ipsum dolor amet sit','1','0000-00-00 00:00:00','0000-00-00 00:00:00',0,9,3),(8,'Bolso Active',6500,'lorem ipsum dolor amet sit','1','0000-00-00 00:00:00','0000-00-00 00:00:00',0,8,2),(9,'Zapatillas Cliff',12800,'lorem ipsum dolor amet sit','1','0000-00-00 00:00:00','0000-00-00 00:00:00',0,5,2),(10,'Mochila One',6900,'lorem ipsum dolor amet sit','1','0000-00-00 00:00:00','0000-00-00 00:00:00',0,10,3),(11,'Gorra Piet II',4800,'lorem ipsum dolor amet sit','1','0000-00-00 00:00:00','0000-00-00 00:00:00',0,7,3),(12,'Zapatillas Run',7500,'lorem ipsum dolor amet sit','1','0000-00-00 00:00:00','0000-00-00 00:00:00',0,5,2),(13,'Riñonera Class',4900,'lorem ipsum dolor amet sit','1','0000-00-00 00:00:00','2021-11-08 01:02:38',0,9,3),(14,'Gorra Piet',4800,'lorem ipsum dolor amet sit','1','0000-00-00 00:00:00','0000-00-00 00:00:00',0,7,3),(15,'Riñonera Mou',10200,'lorem ipsum dolor amet sit','1','0000-00-00 00:00:00','0000-00-00 00:00:00',0,9,3),(16,'Campera Michigan',7200,'lorem ipsum dolor amet sit','1','0000-00-00 00:00:00','0000-00-00 00:00:00',0,2,1),(17,'Palazzo Frizado',4800,'lorem ipsum dolor amet sit','1','0000-00-00 00:00:00','0000-00-00 00:00:00',0,3,1),(18,'Pantalón Tamesis',5200,'lorem ipsum dolor amet sit','1','0000-00-00 00:00:00','0000-00-00 00:00:00',0,3,2),(19,'Conjunto Slouchy',9200,'lorem ipsum dolor amet sit','1','0000-00-00 00:00:00','0000-00-00 00:00:00',0,11,2),(20,'Conjunto Function',8400,'lorem ipsum dolor amet sit','1','0000-00-00 00:00:00','0000-00-00 00:00:00',0,11,1),(21,'Campera Tisza',4800,'lorem ipsum dolor amet sit','1','0000-00-00 00:00:00','0000-00-00 00:00:00',0,2,2),(22,'Conjunto Else',7600,'lorem ipsum dolor amet sit','1','0000-00-00 00:00:00','0000-00-00 00:00:00',0,11,1),(23,'Remera Saona',1800,'lorem ipsum dolor amet sit','1','0000-00-00 00:00:00','0000-00-00 00:00:00',0,1,2),(24,'Sweater Holme',5200,'lorem ipsum dolor amet sit','1','0000-00-00 00:00:00','0000-00-00 00:00:00',0,12,2),(25,'Pantalón Let',5800,'lorem ipsum dolor amet sit','1','0000-00-00 00:00:00','0000-00-00 00:00:00',0,3,2),(26,'Remera Arrow',1800,'lorem ipsum dolor amet sit','1','0000-00-00 00:00:00','0000-00-00 00:00:00',0,1,1),(27,'Camiseta Angora',2800,'lorem ipsum dolor amet sit','1','0000-00-00 00:00:00','0000-00-00 00:00:00',0,4,2),(124,'Mochila Classic',5800,'lorem ipsum dolor amet sit','Domino','2021-11-04 20:21:50','2021-11-04 20:21:50',0,10,3),(126,'Mochila Classic',5800,'lorem ipsum dolor amet sit','Domino','2021-11-04 20:44:56','2021-11-04 21:28:23',0,10,3),(127,'Mochila Graphic',5000,'lorem ipsum dolor amet sit','Domino','2021-11-04 20:49:25','2021-11-04 21:30:55',0,10,2),(128,'Mochila Trifoil',6200,'lorem ipsum dolor amet sit','Domino','2021-11-04 20:58:14','2021-11-04 21:31:12',0,10,2),(129,'Mochila Air Joran',6200,'lorem ipsum dolor amet sit','Domino','2021-11-04 21:00:18','2021-11-04 21:31:28',0,10,1),(130,'Mochila Brsla',6400,'lorem ipsum dolor amet sit','Domino','2021-11-04 21:04:30','2021-11-04 21:33:50',0,10,3),(131,'Mochila Elemental',7500,'lorem ipsum dolor amet sit','Domino','2021-11-04 21:06:50','2021-11-04 21:37:48',0,10,3),(132,'Mochila Heritage',5400,'lorem ipsum dolor amet sit','Domino','2021-11-04 21:08:40','2021-11-04 21:38:13',0,10,3),(134,'Mochila Utility Heat',8000,'lorem ipsum dolor amet sit','Domino','2021-11-04 21:14:14','2021-11-04 21:38:26',0,10,3),(135,'Mochila Academy',7800,'lorem ipsum dolor amet sit','Domino','2021-11-04 21:15:48','2021-11-08 01:04:05',0,10,3),(136,'Mochila International',6900,'lorem ipsum dolor amet sit','Domino','2021-11-04 21:17:25','2021-11-08 01:04:31',0,10,3),(137,'Mochila Originals',8200,'lorem ipsum dolor amet sit','Domino','2021-11-04 21:19:12','2021-11-04 21:40:16',0,10,3),(138,'Mochila Prime street',6800,'lorem ipsum dolor amet sit','Domino','2021-11-04 21:20:50','2021-11-08 01:04:47',0,10,3),(139,'Mochila Class',5800,'lorem ipsum dolor amet sit','Domino','2021-11-04 21:21:57','2021-11-04 21:40:52',0,10,3),(141,'Mochila Element',6500,'lorem ipsum dolor amet sit','Domino','2021-11-04 21:24:23','2021-11-04 21:43:23',0,10,3),(142,'Mochila Academy',7600,'lorem ipsum dolor amet sit','Domino','2021-11-04 21:25:58','2021-11-04 21:42:30',0,10,3),(143,'Mochila Originals',8900,'lorem ipsum dolor amet sit','Domino','2021-11-04 21:27:27','2021-11-04 21:46:57',0,10,3),(144,'Mochila Sb Icon',7200,'lorem ipsum dolor amet sit','Domino','2021-11-04 21:37:08','2021-11-04 21:47:29',0,10,2),(145,'Mochila Graphic',5500,'lorem ipsum dolor amet sit','Domino','2021-11-04 21:46:01','2021-11-04 21:47:50',0,10,2),(146,'Riñonera Air Tech',5200,'lorem ipsum dolor amet sit','Domino','2021-11-04 22:00:47','2021-11-04 22:07:40',0,9,3),(147,'Riñonera Bmw',5300,'lorem ipsum dolor amet sit','Domino','2021-11-04 22:02:26','2021-11-04 22:08:09',0,9,1),(148,'Riñonera Heritage',5000,'lorem ipsum dolor amet sit','Domino','2021-11-04 22:04:16','2021-11-04 22:04:16',0,9,3),(149,'Riñonera Montreal',4500,'lorem ipsum dolor amet sit','Domino','2021-11-04 22:05:39','2021-11-04 22:08:25',0,9,3),(150,'Riñonera Transparency',4800,'lorem ipsum dolor amet sit','Domino','2021-11-04 22:07:04','2021-11-08 01:05:24',0,9,3),(151,'Zapatillas Air Max',22000,'lorem ipsum dolor amet sit','Domino','2021-11-04 22:16:53','2021-11-04 22:16:53',0,5,3),(152,'Zapatillas Air Force',20000,'lorem ipsum dolor amet sit','Domino','2021-11-04 22:20:39','2021-11-04 22:20:39',0,5,2),(153,'Zapatillas Mayze',16000,'lorem ipsum dolor amet sit','Domino','2021-11-04 22:27:42','2021-11-04 22:27:42',0,5,2),(154,'Zapatillas Court',22000,'lorem ipsum dolor amet sit','Domino','2021-11-04 22:29:26','2021-11-04 22:29:26',0,5,3),(155,'Zapatillas Superstar',16000,'lorem ipsum dolor amet sit','Domino','2021-11-04 22:31:16','2021-11-04 22:31:16',0,5,2),(156,'Zapatillas Converse',10000,'lorem ipsum dolor amet sit','Domino','2021-11-04 22:33:49','2021-11-04 22:33:49',0,5,3),(157,'Zapatillas Mayze',16200,'lorem ipsum dolor amet sit','Domino','2021-11-04 22:40:01','2021-11-04 22:40:01',0,5,2),(158,'Zapatillas Air Max 270',28000,'lorem ipsum dolor amet sit','Domino','2021-11-04 22:42:06','2021-11-04 22:42:06',0,5,2),(159,'Zapatillas Air Force',22000,'lorem ipsum dolor amet sit','Domino','2021-11-04 22:45:07','2021-11-04 22:45:07',0,5,2),(160,'Zapatillas Superstar',16000,'lorem ipsum dolor amet sit','Domino','2021-11-04 22:46:33','2021-11-05 00:18:44',0,5,2),(161,'Zapatillas Air Force',23000,'lorem ipsum dolor amet sit','Domino','2021-11-04 22:47:49','2021-11-04 22:47:49',0,5,2),(162,'Zapatillas Red Bull',12500,'lorem ipsum dolor amet sit','Domino','2021-11-04 22:49:07','2021-11-04 22:49:07',0,5,2),(163,'Zapatillas Court',10000,'lorem ipsum dolor amet sit','Domino','2021-11-05 01:47:58','2021-11-05 02:34:45',0,5,1),(164,'Zapatillas Ultra',12000,'lorem ipsum dolor amet sit','Domino','2021-11-05 01:49:02','2021-11-05 02:35:52',0,5,1),(165,'Zapatillas Chron',12500,'lorem ipsum dolor amet sit','Domino','2021-11-05 01:50:00','2021-11-05 02:38:36',0,5,1),(166,'Zapatillas Air Max',21000,'lorem ipsum dolor amet sit','Domino','2021-11-05 01:51:09','2021-11-05 02:39:37',0,5,1),(167,'Zapatillas Future',14000,'lorem ipsum dolor amet sit','Domino','2021-11-05 01:52:11','2021-11-05 02:40:34',0,5,1),(168,'Zapatillas Vans',12000,'lorem ipsum dolor amet sit','Domino','2021-11-05 01:55:14','2021-11-05 02:42:12',0,5,3),(169,'Zapatillas Air Force',20000,'lorem ipsum dolor amet sit','Domino','2021-11-05 01:56:08','2021-11-05 02:43:20',0,5,1),(170,'Zapatillas Air Max',25000,'lorem ipsum dolor amet sit','Domino','2021-11-05 01:56:59','2021-11-05 02:44:14',0,5,1),(171,'Zapatillas Suede',12000,'lorem ipsum dolor amet sit','Domino','2021-11-05 01:58:12','2021-11-05 02:45:35',0,5,1),(172,'Zapatillas Shooter',6000,'lorem ipsum dolor amet sit','Domino','2021-11-05 01:59:08','2021-11-05 02:46:54',0,5,3),(173,'Zapatillas New',8000,'lorem ipsum dolor amet sit','Domino','2021-11-05 02:00:17','2021-11-05 02:47:51',0,5,1),(174,'Zapatillas Air Force',28000,'lorem ipsum dolor amet sit','Domino','2021-11-05 02:01:10','2021-11-05 02:50:21',0,5,1),(178,'Borcegos Eva',7500,'lorem ipsum dolor amet sit','Domino','2021-11-05 02:19:33','2021-11-05 02:22:40',0,6,2),(179,'Borcegos Sofia',8000,'lorem ipsum dolor amet sit','Domino','2021-11-05 02:20:45','2021-11-05 02:23:15',0,6,2),(180,'Borcegos Atila',10000,'lorem ipsum dolor amet sit','Domino','2021-11-05 02:21:46','2021-11-05 02:21:46',0,6,2),(181,'Borcegos Ana',5800,'lorem ipsum dolor amet sit','Domino','2021-11-05 02:27:47','2021-11-05 02:27:47',0,6,2),(182,'Borcegos Dalia',7500,'lorem ipsum dolor amet sit','Domino','2021-11-05 02:28:56','2021-11-05 02:28:56',0,6,2),(183,'Borcegos Corina',8200,'lorem ipsum dolor amet sit','Domino','2021-11-05 02:30:03','2021-11-05 02:30:03',0,6,2),(184,'Borcegos Gala',6900,'lorem ipsum dolor amet sit','Domino','2021-11-05 02:31:12','2021-11-05 02:31:12',0,6,2),(185,'Borcegos Desire',6500,'lorem ipsum dolor amet sit','Domino','2021-11-05 02:32:37','2021-11-05 02:32:37',0,6,2),(186,'Borcegos Vanner',5900,'lorem ipsum dolor amet sit','Domino','2021-11-05 04:09:14','2021-11-05 04:09:14',0,6,1),(187,'Borcegos Dreamer',7600,'lorem ipsum dolor amet sit','Domino','2021-11-05 04:10:29','2021-11-05 04:10:29',0,6,1),(188,'Borcegos Vann',500,'lorem ipsum dolor amet sit','Domino','2021-11-05 04:11:53','2021-11-05 04:11:53',0,6,1),(189,'Borcegos Boot',5500,'lorem ipsum dolor amet sit','Domino','2021-11-05 04:14:05','2021-11-05 04:14:05',0,6,1),(190,'Borcegos fut',6200,'lorem ipsum dolor amet sit','Domino','2021-11-05 04:15:14','2021-11-05 04:15:14',0,6,1),(191,'Borcegos Atil',7000,'lorem ipsum dolor amet sit','Domino','2021-11-05 04:16:15','2021-11-05 04:16:15',0,6,1),(192,'Borcegos Pasoti',7200,'lorem ipsum dolor amet sit','Domino','2021-11-05 04:17:55','2021-11-05 04:17:55',0,6,1),(193,'Borcegos Keving',6500,'lorem ipsum dolor amet sit','Domino','2021-11-05 04:19:24','2021-11-05 04:19:24',0,6,1),(195,'Gorra Lok',3800,'lorem ipsum dolor amet sit','Domino','2021-11-06 01:44:34','2021-11-06 02:01:09',0,7,3),(196,'Gorra Anim',3200,'lorem ipsum dolor amet sit','Domino','2021-11-06 01:45:37','2021-11-06 02:01:43',0,7,3),(197,'Gorra Nike',3500,'lorem ipsum dolor amet sit','Domino','2021-11-06 01:46:27','2021-11-06 02:02:22',0,7,3),(198,'Gorra Bon',3600,'lorem ipsum dolor amet sit','Domino','2021-11-06 01:47:28','2021-11-06 02:03:10',0,7,3),(199,'Gorra Tol',3800,'lorem ipsum dolor amet sit','Domino','2021-11-06 01:48:31','2021-11-06 02:03:53',0,7,3),(200,'Gorra Ann',3400,'lorem ipsum dolor amet sit','Domino','2021-11-06 01:49:27','2021-11-06 02:04:37',0,7,3),(201,'Gorra Coo',3400,'lorem ipsum dolor amet sit','Domino','2021-11-06 01:50:33','2021-11-06 02:05:13',0,7,3),(202,'Gorra Bondi',3600,'lorem ipsum dolor amet sit','Domino','2021-11-06 01:51:23','2021-11-06 02:05:43',0,7,3),(203,'Bolso Tiro',7000,'lorem ipsum dolor amet sit','Domino','2021-11-06 02:15:51','2021-11-06 03:00:16',0,8,3),(204,'Bolso Active',4500,'lorem ipsum dolor amet sit','Domino','2021-11-06 02:17:16','2021-11-06 03:00:33',0,8,3),(205,'Bolso Challenger',5000,'lorem ipsum dolor amet sit','Domino','2021-11-06 02:18:54','2021-11-06 02:18:54',0,8,3),(206,'Bolso Challenger',5000,'lorem ipsum dolor amet sit','Domino','2021-11-06 02:20:01','2021-11-06 02:20:01',0,8,3),(207,'Bolso Challenger',5000,'lorem ipsum dolor amet sit','Domino','2021-11-06 02:22:05','2021-11-06 03:00:56',0,8,3),(208,'Bolso Brasilia',7000,'lorem ipsum dolor amet sit','Domino','2021-11-06 02:23:32','2021-11-06 03:01:15',0,8,3),(210,'Bolso Impc',3500,'lorem ipsum dolor amet sit','Domino','2021-11-06 02:26:43','2021-11-06 03:02:03',0,8,3),(211,'Bolso One',10000,'lorem ipsum dolor amet sit','Domino','2021-11-06 02:28:22','2021-11-06 03:02:21',0,8,3),(212,'Bolso Gym',7500,'lorem ipsum dolor amet sit','Domino','2021-11-06 02:30:14','2021-11-06 03:02:42',0,8,2),(213,'Bolso Brasilia',6500,'lorem ipsum dolor amet sit','Domino','2021-11-06 02:32:04','2021-11-06 03:02:59',0,8,3),(214,'Bolso Gym',7600,'lorem ipsum dolor amet sit','Domino','2021-11-06 02:33:35','2021-11-08 01:00:21',0,8,3),(215,'Bolso Brasilia',8500,'lorem ipsum dolor amet sit','Domino','2021-11-06 02:35:24','2021-11-06 03:03:35',0,8,3),(218,'Bolso Play',5000,'lorem ipsum dolor amet sit','Domino','2021-11-06 02:49:28','2021-11-06 03:03:52',0,8,3),(219,'Bolso One',10000,'lorem ipsum dolor amet sit','Domino','2021-11-06 02:51:20','2021-11-08 01:00:57',0,8,3),(220,'Bolso Duff',6500,'lorem ipsum dolor amet sit','Domino','2021-11-06 02:53:35','2021-11-06 03:04:25',0,8,3),(221,'Bolso Essential',5800,'lorem ipsum dolor amet sit','Domino','2021-11-06 02:55:34','2021-11-06 03:04:45',0,8,3),(222,'Bolso Brasilia',6200,'lorem ipsum dolor amet sit','Domino','2021-11-06 02:57:03','2021-11-06 03:04:56',0,8,3),(223,'Bolso Armour',6000,'lorem ipsum dolor amet sit','Domino','2021-11-06 02:58:31','2021-11-06 03:05:09',0,8,3),(226,'nuevo',1234,'juiffk','Domino','2021-11-06 20:50:34','2021-11-06 20:50:34',0,1,3),(228,'Remera Love',5200,'lorem ipsum dolor amet sit','Domino','2021-11-07 06:42:17','2021-11-07 06:48:41',0,1,2),(229,'Remera Row',4800,'lorem ipsum dolor amet sit','Domino','2021-11-07 06:50:27','2021-11-07 06:50:27',0,1,2),(230,'Remera Foil',5600,'lorem ipsum dolor amet sit','Domino','2021-11-07 06:52:29','2021-11-08 00:40:38',0,1,2),(231,'Remera Floral',4800,'lorem ipsum dolor amet sit','Domino','2021-11-07 06:54:36','2021-11-07 06:54:36',0,1,2),(232,'Remera Myt',4200,'lorem ipsum dolor amet sit','Domino','2021-11-07 15:34:57','2021-11-07 15:34:57',0,1,2),(234,'Remera Model',4800,'lorem ipsum dolor amet sit','Domino','2021-11-07 15:42:40','2021-11-07 15:42:40',0,1,2),(235,'Remera Classic',3800,'lorem ipsum dolor amet sit','Domino','2021-11-07 15:45:08','2021-11-07 15:45:08',0,1,2),(236,'Remera Oversize',3600,'lorem ipsum dolor amet sit','Domino','2021-11-07 15:48:03','2021-11-07 15:48:03',0,1,2),(237,'Remera Essentials',4500,'lorem ipsum dolor amet sit','Domino','2021-11-07 15:49:35','2021-11-07 15:49:35',0,1,2),(238,'Remera Vector',4200,'lorem ipsum dolor amet sit','Domino','2021-11-07 15:51:00','2021-11-07 15:51:00',0,1,2),(239,'Remera Wonder',3800,'lorem ipsum dolor amet sit','Domino','2021-11-07 16:16:58','2021-11-07 16:16:58',0,1,2),(240,'Remera Gut',3600,'lorem ipsum dolor amet sit','Domino','2021-11-07 16:21:51','2021-11-07 16:21:51',0,1,2),(241,'Remera Meet',3900,'lorem ipsum dolor amet sit','Domino','2021-11-07 16:23:01','2021-11-07 16:23:01',0,1,2),(242,'Pantalón Adicolor',7600,'lorem ipsum dolor amet sit','Domino','2021-11-07 16:27:44','2021-11-07 16:30:10',0,3,2),(243,'Pantalón Line',8000,'lorem ipsum dolor amet sit','Domino','2021-11-07 16:29:47','2021-11-07 16:29:47',0,3,2),(244,'Pantalón London',6700,'lorem ipsum dolor amet sit','Domino','2021-11-07 16:31:21','2021-11-07 16:31:21',0,3,2),(245,'Pantalón Her',8900,'lorem ipsum dolor amet sit','Domino','2021-11-07 16:34:34','2021-11-07 16:34:34',0,3,2),(246,'Pantalón Prime',6500,'lorem ipsum dolor amet sit','Domino','2021-11-07 16:36:09','2021-11-07 16:36:09',0,3,2),(247,'Pantalón Woman',9800,'lorem ipsum dolor amet sit','Domino','2021-11-07 16:37:38','2021-11-07 16:37:38',0,3,2),(248,'Pantalón Lon',8600,'lorem ipsum dolor amet sit','Domino','2021-11-07 16:39:05','2021-11-07 16:39:05',0,3,2),(249,'Pantalón Mod',5800,'lorem ipsum dolor amet sit','Domino','2021-11-07 16:40:52','2021-11-07 16:40:52',0,3,2),(250,'Pantalón Ryv',6700,'lorem ipsum dolor amet sit','Domino','2021-11-07 16:42:47','2021-11-07 16:42:47',0,3,2),(251,'Pantalón Dep',5600,'lorem ipsum dolor amet sit','Domino','2021-11-07 16:43:44','2021-11-07 16:43:44',0,3,2),(256,'Pantalón Future',8900,'lorem ipsum dolor amet sit','Domino','2021-11-07 17:19:43','2021-11-07 17:19:43',0,3,1),(257,'Pantalón Identity',7900,'lorem ipsum dolor amet sit','Domino','2021-11-07 17:21:11','2021-11-07 17:21:11',0,3,1),(258,'Pantalón Trifolio',7500,'lorem ipsum dolor amet sit','Domino','2021-11-07 17:22:33','2021-11-07 17:22:33',0,3,1),(260,'Pantalón Granate',6500,'lorem ipsum dolor amet sit','Domino','2021-11-07 17:25:06','2021-11-07 17:25:06',0,3,1),(261,'Pantalón Identity',7900,'lorem ipsum dolor amet sit','Domino','2021-11-07 17:27:20','2021-11-07 17:27:20',0,3,1),(262,'Pantalón Fel',7900,'lorem ipsum dolor amet sit','Domino','2021-11-07 17:29:05','2021-11-07 17:29:05',0,3,1),(263,'Pantalón Uti',7500,'lorem ipsum dolor amet sit','Domino','2021-11-07 17:32:06','2021-11-07 17:32:06',0,3,1),(264,'Pantalón Essen',6000,'lorem ipsum dolor amet sit','Domino','2021-11-07 17:33:12','2021-11-07 17:33:12',0,3,1),(265,'Pantalón Worko',8000,'lorem ipsum dolor amet sit','Domino','2021-11-07 17:34:14','2021-11-07 17:34:14',0,3,1),(266,'Pantalón Sprit',7600,'lorem ipsum dolor amet sit','Domino','2021-11-07 17:38:37','2021-11-07 17:38:37',0,3,1),(267,'Campera Capuc',8900,'lorem ipsum dolor amet sit','Domino','2021-11-07 17:40:56','2021-11-07 17:40:56',0,2,2),(268,'Campera Ready',7500,'lorem ipsum dolor amet sit','Domino','2021-11-07 17:44:17','2021-11-07 17:48:59',0,2,2),(269,'Campera Core',12500,'lorem ipsum dolor amet sit','Domino','2021-11-07 17:50:48','2021-11-07 18:00:56',0,2,2),(270,'Campera Bom',8900,'lorem ipsum dolor amet sit','Domino','2021-11-07 17:52:19','2021-11-07 18:01:31',0,2,2),(271,'Campera Icon',7800,'lorem ipsum dolor amet sit','Domino','2021-11-07 17:53:24','2021-11-07 18:01:53',0,2,2),(272,'Campera Bit',8900,'lorem ipsum dolor amet sit','Domino','2021-11-07 18:03:59','2021-11-07 18:03:59',0,2,2),(273,'Campera United',9800,'lorem ipsum dolor amet sit','Domino','2021-11-07 18:05:14','2021-11-07 18:05:14',0,2,2),(274,'Campera Floral',8200,'lorem ipsum dolor amet sit','Domino','2021-11-07 18:06:28','2021-11-07 18:06:28',0,2,2),(275,'Campera Performan',10200,'lorem ipsum dolor amet sit','Domino','2021-11-07 18:09:15','2021-11-07 18:09:15',0,2,1),(276,'Campera Supply',9800,'lorem ipsum dolor amet sit','Domino','2021-11-07 18:10:38','2021-11-07 18:10:38',0,2,1),(277,'Campera Work',9700,'lorem ipsum dolor amet sit','Domino','2021-11-07 18:11:58','2021-11-07 18:11:58',0,2,1),(278,'Campera Linear',8600,'lorem ipsum dolor amet sit','Domino','2021-11-07 18:13:16','2021-11-07 18:13:16',0,2,1),(279,'Campera Vec',8700,'lorem ipsum dolor amet sit','Domino','2021-11-07 18:14:48','2021-11-07 18:14:48',0,3,1),(280,'Campera Stan',8700,'lorem ipsum dolor amet sit','Domino','2021-11-07 18:16:23','2021-11-07 18:16:23',0,2,1),(281,'Campera Juventus',6900,'lorem ipsum dolor amet sit','Domino','2021-11-07 18:17:21','2021-11-07 18:17:21',0,2,1),(282,'Camiseta Trifolio',8700,'lorem ipsum dolor amet sit','Domino','2021-11-07 18:18:25','2021-11-07 18:18:25',0,2,1),(283,'Camiseta Trifolio',8700,'lorem ipsum dolor amet sit','Domino','2021-11-07 18:18:25','2021-11-07 18:18:25',0,2,1),(284,'Buzo Crew',7200,'lorem ipsum dolor amet sit','Domino','2021-11-07 18:20:52','2021-11-07 18:20:52',0,13,2),(285,'Buzo Bian',6500,'lorem ipsum dolor amet sit','Domino','2021-11-07 18:24:08','2021-11-07 18:24:08',0,13,2),(286,'Buzo Veri',6700,'lorem ipsum dolor amet sit','Domino','2021-11-07 18:25:26','2021-11-07 18:25:26',0,13,2),(287,'Buzo Eseent',5800,'lorem ipsum dolor amet sit','Domino','2021-11-07 18:26:41','2021-11-07 18:26:41',0,13,2),(288,'Buzo gre',6200,'lorem ipsum dolor amet sit','Domino','2021-11-07 18:27:57','2021-11-07 18:27:57',0,13,2),(289,'Buzo Tool',7600,'lorem ipsum dolor amet sit','Domino','2021-11-07 18:29:01','2021-11-07 18:29:01',0,13,2),(290,'Buzo Cel',8700,'lorem ipsum dolor amet sit','Domino','2021-11-07 18:29:46','2021-11-07 18:29:46',0,13,2),(291,'Buzo Ulti',6800,'lorem ipsum dolor amet sit','Domino','2021-11-07 18:30:37','2021-11-07 18:30:37',0,13,2),(292,'Buzo Brai',7600,'lorem ipsum dolor amet sit','Domino','2021-11-07 18:33:13','2021-11-07 18:33:13',0,13,1),(293,'Buzo Crud',7900,'lorem ipsum dolor amet sit','Domino','2021-11-07 18:34:03','2021-11-07 18:34:03',0,13,1),(294,'Buzo Ger',8700,'lorem ipsum dolor amet sit','Domino','2021-11-07 18:36:01','2021-11-07 18:36:01',0,13,1),(295,'Buzo Planet',8600,'lorem ipsum dolor amet sit','Domino','2021-11-07 18:37:47','2021-11-07 18:37:47',0,13,1),(296,'Buzo Modd',7600,'lorem ipsum dolor amet sit','Domino','2021-11-07 18:39:09','2021-11-07 18:39:09',0,13,1),(297,'Buzo Simps',8900,'lorem ipsum dolor amet sit','Domino','2021-11-07 18:40:24','2021-11-07 18:40:24',0,13,1),(298,'Buzo Hoodie',7900,'lorem ipsum dolor amet sit','Domino','2021-11-07 18:41:24','2021-11-07 18:41:24',0,13,1),(299,'Buzo Grap',8500,'lorem ipsum dolor amet sit','Domino','2021-11-07 18:42:39','2021-11-07 18:42:39',0,13,1),(300,'Remera Avat',5600,'lorem ipsum dolor amet sit','Domino','2021-11-07 18:45:20','2021-11-07 18:45:20',0,1,1),(301,'Remera Nedry',6700,'lorem ipsum dolor amet sit','Domino','2021-11-07 18:46:34','2021-11-07 19:01:22',0,1,1),(302,'Remera Amber',5600,'lorem ipsum dolor amet sit','Domino','2021-11-07 18:47:38','2021-11-07 18:47:38',0,1,1),(303,'Remera Adic',5200,'lorem ipsum dolor amet sit','Domino','2021-11-07 18:49:30','2021-11-07 18:49:30',0,1,1),(304,'Remera Class',5000,'lorem ipsum dolor amet sit','Domino','2021-11-07 18:50:42','2021-11-07 18:50:42',0,1,1),(305,'Remera Star',6200,'lorem ipsum dolor amet sit','Domino','2021-11-07 18:52:02','2021-11-07 18:52:02',0,1,1),(306,'Remera Speedwick',5900,'lorem ipsum dolor amet sit','Domino','2021-11-07 18:54:04','2021-11-07 18:54:04',0,1,1),(307,'Remera Seri',6500,'lorem ipsum dolor amet sit','Domino','2021-11-07 18:55:32','2021-11-07 18:55:32',0,1,1),(308,'Remera Essen',5000,'lorem ipsum dolor amet sit','Domino','2021-11-07 18:57:10','2021-11-07 18:57:10',0,1,1),(309,'Remera Model',6700,'lorem ipsum dolor amet sit','Domino','2021-11-07 18:58:23','2021-11-07 18:58:23',0,1,1),(310,'Remera Simps',6700,'lorem ipsum dolor amet sit','Domino','2021-11-07 19:05:10','2021-11-07 19:05:10',0,1,1),(311,'Remera Gen',6800,'lorem ipsum dolor amet sit','Domino','2021-11-07 19:05:59','2021-11-07 19:05:59',0,1,1),(312,'Remera Stand',7500,'lorem ipsum dolor amet sit','Domino','2021-11-07 19:06:57','2021-11-07 19:06:57',0,1,1);
/*!40000 ALTER TABLE `productos` ENABLE KEYS */;
UNLOCK TABLES;

--
-- Table structure for table `talles`
--

DROP TABLE IF EXISTS `talles`;
/*!40101 SET @saved_cs_client     = @@character_set_client */;
/*!50503 SET character_set_client = utf8mb4 */;
CREATE TABLE `talles` (
  `id` int unsigned NOT NULL AUTO_INCREMENT,
  `talle` varchar(45) NOT NULL,
  PRIMARY KEY (`id`)
) ENGINE=InnoDB AUTO_INCREMENT=22 DEFAULT CHARSET=utf8mb3;
/*!40101 SET character_set_client = @saved_cs_client */;

--
-- Dumping data for table `talles`
--

LOCK TABLES `talles` WRITE;
/*!40000 ALTER TABLE `talles` DISABLE KEYS */;
INSERT INTO `talles` VALUES (1,'XS'),(2,'S'),(3,'M'),(4,'L'),(5,'XL'),(6,'XXL'),(7,'1'),(8,'2'),(9,'3'),(10,'4'),(11,'36'),(12,'37'),(13,'38'),(14,'39'),(15,'40'),(16,'41'),(17,'42'),(18,'44'),(19,'46'),(20,'48'),(21,'Unico');
/*!40000 ALTER TABLE `talles` ENABLE KEYS */;
UNLOCK TABLES;

--
-- Table structure for table `talles_producto`
--

DROP TABLE IF EXISTS `talles_producto`;
/*!40101 SET @saved_cs_client     = @@character_set_client */;
/*!50503 SET character_set_client = utf8mb4 */;
CREATE TABLE `talles_producto` (
  `id` int unsigned NOT NULL AUTO_INCREMENT,
  `productoId` int unsigned NOT NULL,
  `talleId` int unsigned NOT NULL,
  PRIMARY KEY (`id`),
  KEY `fk_Talles_Producto1_idx` (`talleId`),
  KEY `fk_Talles_Producto1_idx1` (`productoId`),
  CONSTRAINT `fk_Talles_Producto1` FOREIGN KEY (`productoId`) REFERENCES `productos` (`id`),
  CONSTRAINT `fk_Talles_Producto2` FOREIGN KEY (`talleId`) REFERENCES `talles` (`id`)
) ENGINE=InnoDB AUTO_INCREMENT=972 DEFAULT CHARSET=utf8mb3;
/*!40101 SET character_set_client = @saved_cs_client */;

--
-- Dumping data for table `talles_producto`
--

LOCK TABLES `talles_producto` WRITE;
/*!40000 ALTER TABLE `talles_producto` DISABLE KEYS */;
INSERT INTO `talles_producto` VALUES (13,4,21),(14,5,13),(15,5,14),(16,5,15),(17,5,16),(18,5,17),(19,6,21),(20,7,21),(21,8,21),(22,9,11),(23,9,12),(24,9,13),(25,9,14),(26,9,15),(27,10,21),(29,12,13),(30,12,14),(31,12,15),(32,12,16),(33,12,17),(34,13,21),(35,14,21),(36,15,21),(218,126,21),(219,126,21),(220,127,21),(221,127,21),(222,128,21),(223,128,21),(224,129,21),(225,129,21),(226,130,21),(227,130,21),(228,131,21),(229,131,21),(230,132,21),(231,132,21),(234,134,21),(235,134,21),(236,135,21),(237,135,21),(238,136,21),(239,136,21),(240,137,21),(241,137,21),(242,138,21),(243,138,21),(244,139,21),(245,139,21),(248,141,21),(249,141,21),(250,142,21),(251,142,21),(252,143,21),(253,143,21),(254,144,21),(255,144,21),(256,145,21),(257,145,21),(258,146,21),(259,146,21),(260,147,21),(261,147,21),(262,148,20),(263,148,21),(264,149,21),(265,149,21),(266,150,21),(267,150,21),(268,151,12),(269,151,13),(270,151,14),(271,151,16),(272,151,17),(273,152,11),(274,152,12),(275,152,13),(276,152,14),(277,152,15),(278,153,11),(279,153,12),(280,153,13),(281,153,14),(282,153,15),(283,153,16),(284,154,11),(285,154,12),(286,154,13),(287,154,16),(288,154,17),(289,155,11),(290,155,12),(291,155,13),(292,155,14),(293,155,15),(294,156,11),(295,156,12),(296,156,13),(297,156,16),(298,156,17),(299,157,11),(300,157,12),(301,157,13),(302,157,14),(303,157,15),(304,158,11),(305,158,12),(306,158,13),(307,158,14),(308,158,15),(309,159,11),(310,159,12),(311,159,13),(312,159,14),(313,159,15),(320,161,11),(321,161,12),(322,161,13),(323,161,14),(324,161,15),(325,162,11),(326,162,12),(327,162,13),(328,162,14),(329,162,15),(404,180,11),(405,180,12),(406,180,13),(407,180,14),(408,180,15),(409,178,11),(410,178,12),(411,178,13),(412,178,14),(413,178,15),(419,181,11),(420,181,12),(421,181,13),(422,181,14),(423,181,15),(424,182,11),(425,182,12),(426,182,13),(427,182,14),(428,182,15),(429,183,11),(430,183,12),(431,183,13),(432,183,14),(433,183,15),(434,184,11),(435,184,12),(436,184,13),(437,184,14),(438,184,15),(439,185,11),(440,185,12),(441,185,13),(442,185,14),(443,185,15),(444,163,13),(445,163,14),(446,163,15),(447,163,16),(448,163,17),(469,168,13),(470,168,14),(471,168,15),(472,168,16),(473,168,17),(474,169,13),(475,169,14),(476,169,15),(477,169,16),(478,169,17),(489,172,13),(490,172,14),(491,172,15),(492,172,16),(493,172,17),(494,173,13),(495,173,14),(496,173,15),(497,173,16),(498,173,17),(499,173,18),(500,174,13),(501,174,14),(502,174,15),(503,174,16),(504,174,17),(505,186,13),(506,186,14),(507,186,15),(508,186,16),(509,186,17),(510,187,13),(511,187,14),(512,187,15),(513,187,16),(514,187,17),(515,188,13),(516,188,14),(517,188,15),(518,188,16),(519,188,17),(520,189,13),(521,189,14),(522,189,15),(523,189,16),(524,189,17),(525,190,13),(526,190,14),(527,190,15),(528,190,16),(529,190,17),(530,191,13),(531,191,14),(532,191,15),(533,191,16),(534,191,17),(535,192,13),(536,192,14),(537,192,15),(538,192,16),(539,192,17),(540,193,13),(541,193,14),(542,193,15),(543,193,16),(544,193,17),(547,195,21),(548,195,21),(549,196,21),(550,196,21),(551,197,21),(552,197,21),(553,198,21),(554,198,21),(555,199,21),(556,199,21),(557,200,21),(558,200,21),(559,201,21),(560,201,21),(561,202,21),(562,202,21),(563,203,21),(564,203,21),(565,204,21),(566,204,21),(567,207,21),(568,207,21),(569,208,21),(570,208,21),(573,210,21),(574,210,21),(575,211,21),(576,211,21),(577,212,21),(578,212,21),(579,213,21),(580,213,21),(581,214,21),(582,214,21),(583,215,21),(584,215,21),(589,218,21),(590,218,21),(591,219,21),(592,219,21),(593,220,21),(594,220,21),(595,221,21),(596,221,21),(597,222,21),(598,222,21),(599,223,21),(600,223,21),(605,226,20),(606,226,21),(620,228,1),(621,228,2),(622,228,3),(623,229,1),(624,229,2),(625,229,3),(626,229,4),(627,230,1),(628,230,2),(629,230,3),(630,231,1),(631,231,2),(632,231,3),(633,232,1),(634,232,2),(635,232,3),(639,234,1),(640,234,2),(641,234,3),(642,235,1),(643,235,2),(644,235,3),(645,236,1),(646,236,2),(647,236,3),(648,237,1),(649,237,2),(650,237,3),(651,238,1),(652,238,2),(653,238,3),(654,239,1),(655,239,2),(656,239,3),(657,240,1),(658,240,2),(659,240,3),(660,241,1),(661,241,2),(662,241,3),(666,243,7),(667,243,8),(668,243,9),(669,242,7),(670,242,8),(671,242,9),(672,244,7),(673,244,8),(674,244,9),(675,245,7),(676,245,8),(677,245,9),(678,246,7),(679,246,8),(680,246,9),(681,247,7),(682,247,8),(683,247,9),(684,248,7),(685,248,8),(686,248,9),(687,249,7),(688,249,8),(689,249,9),(690,250,7),(691,250,8),(692,250,9),(693,251,7),(694,251,8),(695,251,9),(712,256,7),(713,256,8),(714,256,9),(715,257,7),(716,257,8),(717,257,9),(718,257,10),(719,258,7),(720,258,8),(721,258,9),(722,258,10),(727,260,7),(728,260,8),(729,260,9),(730,260,10),(731,261,7),(732,261,8),(733,261,9),(734,261,10),(735,262,7),(736,262,8),(737,262,9),(738,262,10),(739,263,7),(740,263,8),(741,263,9),(742,263,10),(743,264,7),(744,264,8),(745,264,9),(746,264,10),(747,265,7),(748,265,8),(749,265,9),(750,265,10),(751,266,7),(752,266,8),(753,266,9),(754,266,10),(755,267,7),(756,267,8),(757,267,9),(782,270,7),(783,270,8),(784,270,9),(785,271,7),(786,271,8),(787,271,9),(788,272,7),(789,272,8),(790,272,9),(791,273,7),(792,273,8),(793,273,9),(794,274,7),(795,274,8),(796,274,9),(797,275,7),(798,275,8),(799,275,9),(800,275,10),(801,276,7),(802,276,8),(803,276,9),(804,276,10),(805,277,7),(806,277,8),(807,277,9),(808,277,10),(809,278,7),(810,278,8),(811,278,9),(812,278,10),(813,279,7),(814,279,8),(815,279,9),(816,279,10),(817,280,7),(818,280,8),(819,280,9),(820,280,10),(821,281,7),(822,281,8),(823,281,9),(824,281,10),(825,282,7),(826,282,8),(827,282,9),(828,282,10),(829,283,7),(830,283,8),(831,283,9),(832,283,10),(833,284,7),(834,284,8),(835,284,9),(836,285,7),(837,285,8),(838,285,9),(839,286,7),(840,286,8),(841,286,9),(842,287,7),(843,287,8),(844,287,9),(845,288,7),(846,288,8),(847,288,9),(848,289,7),(849,289,8),(850,289,9),(851,290,7),(852,290,8),(853,290,9),(854,291,7),(855,291,8),(856,291,9),(857,292,7),(858,292,8),(859,292,9),(860,293,7),(861,293,8),(862,293,9),(863,293,10),(864,294,7),(865,294,8),(866,294,9),(867,294,10),(868,295,7),(869,295,8),(870,295,9),(871,295,10),(872,296,7),(873,296,8),(874,296,9),(875,296,10),(876,297,7),(877,297,8),(878,297,9),(879,297,10),(880,298,7),(881,298,8),(882,298,9),(883,298,10),(884,299,7),(885,299,8),(886,299,9),(887,299,10),(888,300,7),(889,300,8),(890,300,9),(891,300,10),(896,302,7),(897,302,8),(898,302,9),(899,302,10),(900,303,7),(901,303,8),(902,303,9),(903,303,10),(904,304,7),(905,304,8),(906,304,9),(907,305,7),(908,305,8),(909,305,9),(910,305,10),(911,306,7),(912,306,8),(913,306,9),(914,306,10),(915,307,7),(916,307,8),(917,307,9),(918,307,10),(919,308,7),(920,308,8),(921,308,9),(922,308,10),(923,309,7),(924,309,8),(925,309,9),(926,309,10),(927,301,7),(928,301,8),(929,301,9),(930,301,10),(931,310,7),(932,310,8),(933,310,9),(934,310,10),(935,311,7),(936,311,8),(937,311,9),(938,311,10),(939,312,7),(940,312,8),(941,312,9),(942,312,10);
/*!40000 ALTER TABLE `talles_producto` ENABLE KEYS */;
UNLOCK TABLES;

--
-- Table structure for table `usuarios`
--

DROP TABLE IF EXISTS `usuarios`;
/*!40101 SET @saved_cs_client     = @@character_set_client */;
/*!50503 SET character_set_client = utf8mb4 */;
CREATE TABLE `usuarios` (
  `id` int unsigned NOT NULL AUTO_INCREMENT,
  `nombre` varchar(45) NOT NULL,
  `apellido` varchar(45) NOT NULL,
  `email` varchar(200) NOT NULL,
  `password` varchar(200) NOT NULL,
  `birthday` date NOT NULL,
  `avatar` varchar(200) NOT NULL,
  `rol` varchar(45) NOT NULL,
  `createdAt` timestamp NULL DEFAULT CURRENT_TIMESTAMP,
  `updatedAt` timestamp NULL DEFAULT CURRENT_TIMESTAMP ON UPDATE CURRENT_TIMESTAMP,
  PRIMARY KEY (`id`)
) ENGINE=InnoDB AUTO_INCREMENT=13 DEFAULT CHARSET=utf8mb3;
/*!40101 SET character_set_client = @saved_cs_client */;

--
-- Dumping data for table `usuarios`
--

LOCK TABLES `usuarios` WRITE;
/*!40000 ALTER TABLE `usuarios` DISABLE KEYS */;
INSERT INTO `usuarios` VALUES (1,'Sol','Tete','sol@gmail.com','$2a$10$xqfGthkqeZLkt6aKMpdtgexem.ZyHix8g5wRHd5Ay9tMT4qiYdq32','1995-07-03','default-profile-image.jpg','admin','0000-00-00 00:00:00','0000-00-00 00:00:00'),(2,'Usuario','Comun','pepe@gmail.com','$2a$10$A/i5m/55LRF7K0Er.UzjCOVoD.XnqKyBUrRZa0sz5Cshvu/9u/aWC','2021-08-04','default-profile-image.jpg','User','0000-00-00 00:00:00','2021-11-08 07:43:44'),(3,'Usuario','Administrador','administrador@gmail.com','$2a$10$DPVnY5mggu1IwC.YneiyCu2kHUi10xkQiqueOmvrRHGYzkaJizUb2','2021-08-05','1636388448085.jpg','admin','0000-00-00 00:00:00','2021-11-08 16:21:07'),(4,'John','Coltrane','john.coltrane@gmail.com','$2a$10$9ZkMChLIEEZqyWA6nZtEkOVcMSTO3RkSoVaHNwjrEKvypX2rWv7HO','2021-10-06','default-profile-image.jpg','User','2021-10-06 22:25:22','2021-10-06 22:25:22'),(5,'Ergiben','Mirza','ergibenmirza@gmail.com','$2a$10$PSLiJxkzIbI.vQY4wPiWdes5vU7CtQ4F4dkIkGmr1YBEXkOlPSI9y','2021-10-04','1635962295234.png','User','2021-10-13 01:54:37','2021-11-03 17:58:15'),(6,'Brian','Gimenez','email@gmail.com','$2a$10$TT7SPm9B5r8Nv.3ZfNLFjOK9YLoUuFgS1r2c87GO8PJrk4RXDw3Im','2021-10-13','default-profile-image.jpg','User','2021-10-13 13:54:28','2021-10-13 13:54:28'),(7,'Jonathan','Doe','john@gmail.com','$2a$10$Zx5qF4KcHWOdB/Uf3b/6Pe7zoKx9Yb4L5VjxyZGpJVVjt1NkpW9fi','2021-10-13','default-profile-image.jpg','User','2021-10-13 18:50:06','2021-10-28 18:45:05'),(8,'santiago','mendoza','santi@hotmail.com','$2a$10$b1Elb9QRkeib.n2vhMbj7.6/p75HNOaRgVe7Z/jlqGqO.5cleUZUG','1987-11-01','default-profile-image.jpg','User','2021-11-04 14:28:54','2021-11-04 14:31:01'),(9,'noelia','galarza','sofii@gmail.com','$2a$10$NZ3RVGiibE4DPY.ECp/L7elDsOBh5ITZ0V7vTSKS3w9CBBFS9HSlK','1987-11-24','default-profile-image.jpg','User','2021-11-04 15:14:01','2021-11-04 15:15:36'),(10,'Sofia','Boa','lola@gmail.com','$2a$10$1LcyIpxm2RpIi.65WW5I5OVexHjlaUj6tlRFIvt0Agv9hPMGPV.wO','2021-11-08','1636389829143.png','User','2021-11-08 16:32:47','2021-11-08 16:43:49'),(11,'algo','Bigote','cuenta@gmail.com','$2a$10$3L2/PvhoZd4yHg2fr/j7huaJOqyEPN7BAdKZ1eUK0ElhY3nPlG9eq','2021-11-08','default-profile-image.jpg','User','2021-11-08 16:42:47','2021-11-08 16:42:47'),(12,'Juan','Perez','juan@gmail.com','$2a$10$3j0NW4T1rebBnSivS.5Z6uqoy/4/AmYazotVgVXwNd7TX5ppIegD6','2021-11-08','1636396543259.jpg','User','2021-11-08 18:34:52','2021-11-08 18:35:43');
/*!40000 ALTER TABLE `usuarios` ENABLE KEYS */;
UNLOCK TABLES;
/*!40103 SET TIME_ZONE=@OLD_TIME_ZONE */;

/*!40101 SET SQL_MODE=@OLD_SQL_MODE */;
/*!40014 SET FOREIGN_KEY_CHECKS=@OLD_FOREIGN_KEY_CHECKS */;
/*!40014 SET UNIQUE_CHECKS=@OLD_UNIQUE_CHECKS */;
/*!40101 SET CHARACTER_SET_CLIENT=@OLD_CHARACTER_SET_CLIENT */;
/*!40101 SET CHARACTER_SET_RESULTS=@OLD_CHARACTER_SET_RESULTS */;
/*!40101 SET COLLATION_CONNECTION=@OLD_COLLATION_CONNECTION */;
/*!40111 SET SQL_NOTES=@OLD_SQL_NOTES */;

-- Dump completed on 2021-11-08 19:37:32
